GEOID,Type,Business,lat,lon,Location,SNAP_EBT,WIC_FMNP,Senior_FMNP,VA_Fresh_Match,FI_Rate,totalPopulation,CountOfDollarStores,CountOfGroceryStores,DollarToGroceryRatio,PeoplePerGrocery
51019,F,Montvale Farmers Market,37.38565493,-79.73189067,"11555 W Lynchburg Salem Turnpike, Montvale, VA 24122, USA",No,No,No,No,10.7,79761,13,7,1.86,11394
51019,F,Moneta Farmers Market,37.17824785,-79.62442708,"13641 Moneta Rd, Moneta, VA 24121, USA",No,No,No,No,10.7,79761,13,7,1.86,11394
51019,F,Bedford Farmers Market,37.33376141,-79.52482584,"220 W Washington St, Bedford, VA 24523, USA",Yes,No,No,Yes,10.7,79761,13,7,1.86,11394
51019,F,Forest Farmer's Market LLC,37.36492828,-79.28499749,"15583 Forest Rd, Forest, VA 24551, USA",Yes,Yes,Yes,Yes,10.7,79761,13,7,1.86,11394
51021,F,Bland County Farmers Market,37.10078808,-81.11497381,"591 Main St, Bland, VA 24315, USA",No,Yes,Yes,No,12.5,6241,1,0,Inf,Inf
51023,F,Botetourt Farmers Market,37.41674054,-79.91276952,"90 Town Center Street, Daleville, VA 24083, USA",No,No,No,No,10,33734,5,3,1.67,11245
51035,F,Southwest Virginia Farmers' Market,36.74206667,-80.77250683,"497 Farmers Market Dr, Woodlawn, VA 24381, USA",No,Yes,Yes,No,14.6,29126,7,1,7,29126
51035,F,Town of Hillsville Farmers Market,36.76601682,-80.73629061,"405 N Main St, Hillsville, VA 24343, USA",Yes,No,No,Yes,14.6,29126,7,1,7,29126
51051,F,Clintwood Farmers Market,37.14817764,-82.45677147,"200 Chase St, Clintwood, VA 24228, USA",No,Yes,Yes,No,21.2,14089,2,1,2,14089
51063,F,Floyd Farmers Market,36.91067856,-80.31981343,"203 S Locust St, Floyd, VA 24091, USA",Yes,No,No,No,11,15532,4,1,4,15532
51067,F,Rocky Mount Farmers' Market,36.99706099,-79.89185774,"435 Franklin St, Rocky Mount, VA 24151, USA",Yes,Yes,Yes,Yes,12.7,54838,10,4,2.5,13710
51071,F,Narrows Farmers Market,37.33087947,-80.81157739,"135 Monroe St, Narrows, VA 24124, USA",No,No,No,No,11.9,16711,6,2,3,8356
51071,F,Pearisburg Community Market,37.32496094,-80.71939539,"1410 Wenonah Ave, Pearisburg, VA 24134, USA",Yes,No,No,No,11.9,16711,6,2,3,8356
51077,F,Independence Farmers Market,36.62278055,-81.15147906,"State Rte T 1137, Independence, VA 24348, USA",Yes,Yes,Yes,Yes,15.5,15356,2,1,2,15356
51089,F,Bassett Train Station Market,36.75897698,-79.99067223,"3536 Fairystone Park Hwy, Bassett, VA 24055, USA",Yes,Yes,Yes,No,14.4,50760,21,5,4.2,10152
51121,F,Friends of the Farmers Market (Blacksburg),37.22921959,-80.41444134,"108 W Roanoke St, Blacksburg, VA 24060, USA",Yes,No,No,Yes,13.5,99373,9,9,1,11041
51121,F,Christiansburg Farmers Market,37.15193065,-80.4166625,"1600 N Franklin St, Christiansburg, VA 24073, USA",Yes,No,No,Yes,13.5,99373,9,9,1,11041
51141,F,Stuart Farmers Market,36.63753999,-80.26888241,"320 Chestnut Ave, Stuart, VA 24171, USA",Yes,Yes,Yes,No,14,17660,4,1,4,17660
51141,F,"Monday Market, Fairy Stone State Park",36.79253397,-80.1167697,"967 Fairystone Lake Dr, Stuart, VA 24171, USA",No,Yes,Yes,No,14,17660,4,1,4,17660
51143,F,Virginia Grown Farmers' Market at Olde Dominion Agricultural Complex,36.8640793,-79.40357071,"19783 US-29, Chatham, VA 24531, USA",Yes,Yes,Yes,No,14,60541,16,4,4,15135
51155,F,The Marketplace,37.04585323,-80.77933889,"20 S Washington Ave, Pulaski, VA 24301, USA",Yes,No,No,Yes,14.5,33841,6,5,1.2,6768
51161,F,Catawba Valley Farmers Market,37.38353765,-80.10689353,"4965 Catawba Creek Rd, Catawba, VA 24070, USA",Yes,No,No,Yes,10.3,96653,7,12,0.58,8054
51161,F,Vinton Farmer's Market,37.28053666,-79.89871659,"204 W Lee Ave, Vinton, VA 24179, USA",Yes,No,No,Yes,10.3,96653,7,12,0.58,8054
51167,F,Lebanon Farmers Market,36.90480746,-82.06943959,"137 Highland Dr, Lebanon, VA 24266, USA",Yes,Yes,Yes,Yes,19.3,25763,6,2,3,12882
51173,F,Chilhowie Farmer's Market,36.80223235,-81.67725483,"821 E Lee Hwy, Chilhowie, VA 24319, USA",Yes,Yes,Yes,No,17.5,29799,9,4,2.25,7450
51173,F,Marion Regional Farmers Market,36.83297285,-81.51692443,"210 E Cherry St, Marion, VA 24354, USA",Yes,Yes,Yes,Yes,17.5,29799,9,4,2.25,7450
51185,F,Tazewell Farmers Market,37.13231538,-81.49110058,"2330 Fincastle Turnpike, North Tazewell, VA 24630, USA",Yes,Yes,Yes,No,16.5,40392,14,6,2.33,6732
51185,F,Bluefield Farmers Market,37.25170057,-81.27170957,"Walnut St, Bluefield, VA 24605, USA",Yes,Yes,Yes,No,16.5,40392,14,6,2.33,6732
51191,F,Abingdon Farmers Market,36.70850997,-81.97728827,"US-58 ALT & Remsburg Dr, Abingdon, VA 24210, USA",Yes,Yes,Yes,Yes,14.5,53985,11,5,2.2,10797
51191,F,Glade Spring Farmers Market,36.79006798,-81.77162961,"100 Town Square St, Glade Spring, VA 24340, USA",No,Yes,Yes,No,14.5,53985,11,5,2.2,10797
51191,F,Damascus Farmers Market,36.63612646,-81.78908871,"127 W Imboden St, Damascus, VA 24236, USA",No,No,No,No,14.5,53985,11,5,2.2,10797
51195,F,Big Stone Gap Farmers Market,36.86628756,-82.77549889,"306 Wood Ave E, Big Stone Gap, VA 24219, USA",Yes,Yes,Yes,No,18.5,36105,11,4,2.75,9026
51195,F,Wise Farmers' Market,36.9774613,-82.57811418,"309 E Main St, Wise, VA 24293, USA",No,Yes,Yes,No,18.5,36105,11,4,2.75,9026
51195,F,Clinch River Farmers Market,36.90420687,-82.31126528,"4th Ave & Russell St, St Paul, VA 24283, USA",Yes,Yes,Yes,No,18.5,36105,11,4,2.75,9026
51197,F,Rural Retreat Farmer's Market at the Depot,36.89383155,-81.27654085,"105 W Railroad Ave, Rural Retreat, VA 24368, USA",No,Yes,Yes,No,15.9,28275,9,4,2.25,7069
51197,F,Wytheville Farmers Market,36.94845259,-81.08380907,"210 W Spring St, Wytheville, VA 24382, USA",Yes,Yes,Yes,No,15.9,28275,9,4,2.25,7069
51580,F,Covington Farmers Market,37.79361681,-79.99446616,"134 W Main St, Covington, VA 24426, USA",Yes,Yes,Yes,No,13.6,5722,3,2,1.5,2861
51590,F,Danville Farmers' Market,36.58467948,-79.38561182,"629 Craghead St, Danville, VA 24541, USA",Yes,Yes,Yes,Yes,16.7,42507,16,7,2.29,6072
51640,F,Galax Farmers Market,36.66318029,-80.9257475,"206 N Main St, Galax, VA 24333, USA",No,Yes,Yes,No,16.3,6687,5,2,2.5,3344
51690,F,Martinsville Uptown Farmers' Market,36.69190545,-79.87537536,"65 W Main St, Martinsville, VA 24112, USA",Yes,Yes,Yes,Yes,17.1,13539,4,3,1.33,4513
51720,F,Norton Friends & Farmers Market,36.93337857,-82.62990094,"815 Park Ave NW, Norton, VA 24273, USA",Yes,Yes,Yes,Yes,22.1,3668,2,1,2,3668
51750,F,Radford Farmers' Market,37.13231321,-80.58042602,"600 Unruh Dr, Radford, VA 24141, USA",No,Yes,Yes,No,16.8,16379,2,2,1,8190
51770,F,LEAP Grandin Village Farmers Market,37.26484173,-79.98010555,"2080 Westover Ave SW, Roanoke, VA 24015, USA",Yes,Yes,Yes,Yes,13.9,99213,18,9,2,11024
51770,F,LEAP West End Farmers Market,37.27207813,-79.96267383,"1210 Patterson Ave SW, Roanoke, VA 24016, USA",Yes,Yes,Yes,Yes,13.9,99213,18,9,2,11024
51770,F,Historic Roanoke City Market,37.27168197,-79.93914648,"Market Square SE, Roanoke, VA 24011, USA",Yes,No,No,Yes,13.9,99213,18,9,2,11024
51775,F,Salem Farmers Market,37.29282144,-80.05857237,"3 E Main St, Salem, VA 24153, USA",Yes,Yes,Yes,Yes,11.7,25372,3,5,0.6,5074
51019,G,Walmart,37.32563659,-79.49738497,NA,NA,NA,NA,NA,10.7,79761,13,7,1.86,11394
51185,G,Walmart,37.23795169,-81.25434078,NA,NA,NA,NA,NA,16.5,40392,14,6,2.33,6732
51191,G,Walmart,36.63494986,-82.1242846,NA,NA,NA,NA,NA,14.5,53985,11,5,2.2,10797
51121,G,Walmart,37.1609069,-80.42559713,NA,NA,NA,NA,NA,13.5,99373,9,9,1,11041
51580,G,Walmart,37.76749485,-79.9909671,NA,NA,NA,NA,NA,13.6,5722,3,2,1.5,2861
51590,G,Walmart,36.62740594,-79.39941751,NA,NA,NA,NA,NA,16.7,42507,16,7,2.29,6072
51590,G,Walmart,36.59690718,-79.42994464,NA,NA,NA,NA,NA,16.7,42507,16,7,2.29,6072
51155,G,Walmart,37.08408957,-80.6946003,NA,NA,NA,NA,NA,14.5,33841,6,5,1.2,6768
51019,G,Walmart,37.36566151,-79.26218922,NA,NA,NA,NA,NA,10.7,79761,13,7,1.86,11394
51640,G,Walmart,36.69260382,-80.88141734,NA,NA,NA,NA,NA,16.3,6687,5,2,2.5,3344
51027,G,Walmart,37.27817404,-82.10148431,NA,NA,NA,NA,NA,21.7,20246,8,2,4,10123
51105,G,Walmart,36.72523366,-83.10437156,NA,NA,NA,NA,NA,21.2,22287,7,1,7,22287
51167,G,Walmart,36.90053543,-82.0439786,NA,NA,NA,NA,NA,19.3,25763,6,2,3,12882
51173,G,Walmart,36.84657656,-81.50077856,NA,NA,NA,NA,NA,17.5,29799,9,4,2.25,7450
51089,G,Walmart,36.69418593,-79.90218165,NA,NA,NA,NA,NA,14.4,50760,21,5,4.2,10152
51720,G,Walmart,36.95628431,-82.6015398,NA,NA,NA,NA,NA,22.1,3668,2,1,2,3668
51071,G,Walmart,37.32953686,-80.70849556,NA,NA,NA,NA,NA,11.9,16711,6,2,3,8356
51185,G,Walmart,37.06555476,-81.73170082,NA,NA,NA,NA,NA,16.5,40392,14,6,2.33,6732
51155,G,Walmart,37.15243963,-80.58480969,NA,NA,NA,NA,NA,14.5,33841,6,5,1.2,6768
51770,G,Walmart,37.27317286,-79.90975201,NA,NA,NA,NA,NA,13.9,99213,18,9,2,11024
51161,G,Walmart,37.32234621,-79.93576471,NA,NA,NA,NA,NA,10.3,96653,7,12,0.58,8054
51161,G,Walmart,37.20638832,-79.95089247,NA,NA,NA,NA,NA,10.3,96653,7,12,0.58,8054
51770,G,Walmart,37.3009431,-79.96079212,NA,NA,NA,NA,NA,13.9,99213,18,9,2,11024
51161,G,Walmart,37.32568536,-79.87326943,NA,NA,NA,NA,NA,10.3,96653,7,12,0.58,8054
51067,G,Walmart,37.01397023,-79.86347986,NA,NA,NA,NA,NA,12.7,54838,10,4,2.5,13710
51775,G,Walmart,37.29023659,-80.08904549,NA,NA,NA,NA,NA,11.7,25372,3,5,0.6,5074
51141,G,Walmart,36.63891476,-80.24452506,NA,NA,NA,NA,NA,14,17660,4,1,4,17660
51197,G,Walmart,36.95690118,-81.0991567,NA,NA,NA,NA,NA,15.9,28275,9,4,2.25,7069
51520,G,ALDI,36.6304053,-82.14403796,NA,NA,NA,NA,NA,16.6,17036,4,3,1.33,5679
51121,G,ALDI,37.16074355,-80.42050157,NA,NA,NA,NA,NA,13.5,99373,9,9,1,11041
51590,G,ALDI,36.58248024,-79.42797988,NA,NA,NA,NA,NA,16.7,42507,16,7,2.29,6072
51690,G,ALDI,36.69810426,-79.89105842,NA,NA,NA,NA,NA,17.1,13539,4,3,1.33,4513
51770,G,ALDI,37.31625999,-79.96130807,NA,NA,NA,NA,NA,13.9,99213,18,9,2,11024
51750,G,Food City,37.12047465,-80.532689,NA,NA,NA,NA,NA,16.8,16379,2,2,1,8190
51027,G,Food City,37.23773933,-82.10364242,NA,NA,NA,NA,NA,21.7,20246,8,2,4,10123
51155,G,Food City,37.05275877,-80.74965359,NA,NA,NA,NA,NA,14.5,33841,6,5,1.2,6768
51197,G,Food City,36.94563295,-81.09041746,NA,NA,NA,NA,NA,15.9,28275,9,4,2.25,7069
51185,G,Food City,37.24263682,-81.2393183,NA,NA,NA,NA,NA,16.5,40392,14,6,2.33,6732
51640,G,Food City,36.678716,-80.89670536,NA,NA,NA,NA,NA,16.3,6687,5,2,2.5,3344
51077,G,Food City,36.62011472,-81.14323065,NA,NA,NA,NA,NA,15.5,15356,2,1,2,15356
51173,G,Food City,36.84086705,-81.50562397,NA,NA,NA,NA,NA,17.5,29799,9,4,2.25,7450
51185,G,Food City,37.06831621,-81.75690117,NA,NA,NA,NA,NA,16.5,40392,14,6,2.33,6732
51173,G,Food City,36.79901138,-81.68386544,NA,NA,NA,NA,NA,17.5,29799,9,4,2.25,7450
51191,G,Food City,36.64136285,-81.7990457,NA,NA,NA,NA,NA,14.5,53985,11,5,2.2,10797
51167,G,Food City,36.90164687,-82.05921726,NA,NA,NA,NA,NA,19.3,25763,6,2,3,12882
51191,G,Food City,36.7040437,-81.97057519,NA,NA,NA,NA,NA,14.5,53985,11,5,2.2,10797
51520,G,Food City,36.63079914,-82.13236753,NA,NA,NA,NA,NA,16.6,17036,4,3,1.33,5679
51195,G,Food City,36.90455014,-82.31550217,NA,NA,NA,NA,NA,18.5,36105,11,4,2.75,9026
51051,G,Food City,37.14899259,-82.46096414,NA,NA,NA,NA,NA,21.2,14089,2,1,2,14089
51195,G,Food City,36.94114109,-82.48596829,NA,NA,NA,NA,NA,18.5,36105,11,4,2.75,9026
51195,G,Food City,36.97640088,-82.59301063,NA,NA,NA,NA,NA,18.5,36105,11,4,2.75,9026
51169,G,Food City,36.62970726,-82.55115011,NA,NA,NA,NA,NA,17.7,21536,8,2,4,10768
51195,G,Food City,36.86900283,-82.77277186,NA,NA,NA,NA,NA,18.5,36105,11,4,2.75,9026
51191,G,Kroger,36.7060293,-81.97403667,NA,NA,NA,NA,NA,14.5,53985,11,5,2.2,10797
51005,G,Kroger,37.81670158,-79.80914542,NA,NA,NA,NA,NA,13.6,15159,2,1,2,15159
51690,G,Kroger,36.69773385,-79.87589586,NA,NA,NA,NA,NA,17.1,13539,4,3,1.33,4513
51775,G,Kroger,37.264503,-80.03499269,NA,NA,NA,NA,NA,11.7,25372,3,5,0.6,5074
51775,G,Kroger,37.29692537,-80.02904622,NA,NA,NA,NA,NA,11.7,25372,3,5,0.6,5074
51775,G,Kroger,37.29081881,-80.08316789,NA,NA,NA,NA,NA,11.7,25372,3,5,0.6,5074
51161,G,Kroger,37.2719439,-79.88715733,NA,NA,NA,NA,NA,10.3,96653,7,12,0.58,8054
51023,G,Kroger,37.39712599,-79.91126238,NA,NA,NA,NA,NA,10,33734,5,3,1.67,11245
51121,G,Kroger,37.21695866,-80.40268869,NA,NA,NA,NA,NA,13.5,99373,9,9,1,11041
51121,G,Kroger,37.23565008,-80.43515684,NA,NA,NA,NA,NA,13.5,99373,9,9,1,11041
51155,G,Kroger,37.14190959,-80.58031327,NA,NA,NA,NA,NA,14.5,33841,6,5,1.2,6768
51067,G,Kroger,37.11805326,-79.71903386,NA,NA,NA,NA,NA,12.7,54838,10,4,2.5,13710
51161,G,Kroger,37.3130765,-79.88008256,NA,NA,NA,NA,NA,10.3,96653,7,12,0.58,8054
51161,G,Kroger,37.23339693,-80.0090973,NA,NA,NA,NA,NA,10.3,96653,7,12,0.58,8054
51161,G,Kroger,37.23322846,-80.00905305,NA,NA,NA,NA,NA,10.3,96653,7,12,0.58,8054
51161,G,Kroger,37.34569043,-79.95452599,NA,NA,NA,NA,NA,10.3,96653,7,12,0.58,8054
51161,G,Kroger,37.23339933,-79.97645619,NA,NA,NA,NA,NA,10.3,96653,7,12,0.58,8054
51770,G,Kroger,37.25608786,-79.95622697,NA,NA,NA,NA,NA,13.9,99213,18,9,2,11024
51770,G,Kroger,37.31727399,-79.96547522,NA,NA,NA,NA,NA,13.9,99213,18,9,2,11024
51520,G,Kroger,36.59626235,-82.21531405,NA,NA,NA,NA,NA,16.6,17036,4,3,1.33,5679
51121,G,Kroger,37.13613663,-80.41170356,NA,NA,NA,NA,NA,13.5,99373,9,9,1,11041
51019,G,Kroger,37.36432902,-79.29486933,NA,NA,NA,NA,NA,10.7,79761,13,7,1.86,11394
51067,G,Kroger,37.01185279,-79.8657507,NA,NA,NA,NA,NA,12.7,54838,10,4,2.5,13710
51191,G,Food Lion,36.70751737,-81.9992602,NA,NA,NA,NA,NA,14.5,53985,11,5,2.2,10797
51019,G,Food Lion,37.34841991,-79.50650096,NA,NA,NA,NA,NA,10.7,79761,13,7,1.86,11394
51580,G,Food Lion,37.78204841,-79.98978137,NA,NA,NA,NA,NA,13.6,5722,3,2,1.5,2861
51063,G,Food Lion,36.91150888,-80.32350987,NA,NA,NA,NA,NA,11,15532,4,1,4,15532
51019,G,Food Lion,37.16638273,-79.63907992,NA,NA,NA,NA,NA,10.7,79761,13,7,1.86,11394
51750,G,Food Lion,37.12814545,-80.5468708,NA,NA,NA,NA,NA,16.8,16379,2,2,1,8190
51067,G,Food Lion,37.00633107,-79.8763186,NA,NA,NA,NA,NA,12.7,54838,10,4,2.5,13710
51775,G,Food Lion,37.28936205,-80.09402943,NA,NA,NA,NA,NA,11.7,25372,3,5,0.6,5074
51089,G,Food Lion,36.73840688,-79.95397385,NA,NA,NA,NA,NA,14.4,50760,21,5,4.2,10152
51023,G,Food Lion,37.34683776,-79.84633682,NA,NA,NA,NA,NA,10,33734,5,3,1.67,11245
51121,G,Food Lion,37.24801761,-80.41503485,NA,NA,NA,NA,NA,13.5,99373,9,9,1,11041
51121,G,Food Lion,37.21678317,-80.45495692,NA,NA,NA,NA,NA,13.5,99373,9,9,1,11041
51023,G,Food Lion,37.41766905,-79.90970133,NA,NA,NA,NA,NA,10,33734,5,3,1.67,11245
51019,G,Food Lion,37.30703424,-79.31037782,NA,NA,NA,NA,NA,10.7,79761,13,7,1.86,11394
51019,G,Food Lion,37.37695655,-79.24651409,NA,NA,NA,NA,NA,10.7,79761,13,7,1.86,11394
51143,G,Food Lion,36.94930443,-79.36360357,NA,NA,NA,NA,NA,14,60541,16,4,4,15135
51173,G,Food Lion,36.84356754,-81.50560383,NA,NA,NA,NA,NA,17.5,29799,9,4,2.25,7450
51185,G,Food Lion,37.09280717,-81.80645223,NA,NA,NA,NA,NA,16.5,40392,14,6,2.33,6732
51197,G,Food Lion,36.95560553,-81.09550246,NA,NA,NA,NA,NA,15.9,28275,9,4,2.25,7069
51197,G,Food Lion,36.9515551,-81.06585146,NA,NA,NA,NA,NA,15.9,28275,9,4,2.25,7069
51089,G,Food Lion,36.74892348,-79.93898569,NA,NA,NA,NA,NA,14.4,50760,21,5,4.2,10152
51590,G,Food Lion,36.55410268,-79.3996042,NA,NA,NA,NA,NA,16.7,42507,16,7,2.29,6072
51590,G,Food Lion,36.58258568,-79.3375808,NA,NA,NA,NA,NA,16.7,42507,16,7,2.29,6072
51143,G,Food Lion,36.63890488,-79.38608436,NA,NA,NA,NA,NA,14,60541,16,4,4,15135
51143,G,Food Lion,36.67489008,-79.41654769,NA,NA,NA,NA,NA,14,60541,16,4,4,15135
51590,G,Food Lion,36.5875242,-79.4339365,NA,NA,NA,NA,NA,16.7,42507,16,7,2.29,6072
51590,G,Food Lion,36.57153758,-79.4179057,NA,NA,NA,NA,NA,16.7,42507,16,7,2.29,6072
51035,G,Food Lion,36.76257379,-80.73265858,NA,NA,NA,NA,NA,14.6,29126,7,1,7,29126
51185,G,Food Lion,37.13424032,-81.49106258,NA,NA,NA,NA,NA,16.5,40392,14,6,2.33,6732
51155,G,Food Lion,37.04652706,-80.75498349,NA,NA,NA,NA,NA,14.5,33841,6,5,1.2,6768
51143,G,Food Lion,36.78960969,-79.39630397,NA,NA,NA,NA,NA,14,60541,16,4,4,15135
51121,G,Food Lion,37.14999855,-80.41682365,NA,NA,NA,NA,NA,13.5,99373,9,9,1,11041
51121,G,Food Lion,37.13388624,-80.37928274,NA,NA,NA,NA,NA,13.5,99373,9,9,1,11041
51169,G,Food Lion,36.63647857,-82.56793962,NA,NA,NA,NA,NA,17.7,21536,8,2,4,10768
51690,G,Food Lion,36.67949146,-79.84901371,NA,NA,NA,NA,NA,17.1,13539,4,3,1.33,4513
51089,G,Food Lion,36.65137779,-79.8746637,NA,NA,NA,NA,NA,14.4,50760,21,5,4.2,10152
51089,G,Food Lion,36.69325427,-79.8303913,NA,NA,NA,NA,NA,14.4,50760,21,5,4.2,10152
51071,G,Food Lion,37.33048272,-80.73584428,NA,NA,NA,NA,NA,11.9,16711,6,2,3,8356
51770,G,Food Lion,37.25149775,-79.91509793,NA,NA,NA,NA,NA,13.9,99213,18,9,2,11024
51770,G,Food Lion,37.31396331,-80.00315752,NA,NA,NA,NA,NA,13.9,99213,18,9,2,11024
51161,G,Food Lion,37.22782957,-79.98393936,NA,NA,NA,NA,NA,10.3,96653,7,12,0.58,8054
51161,G,Food Lion,37.32247018,-79.93452522,NA,NA,NA,NA,NA,10.3,96653,7,12,0.58,8054
51770,G,Food Lion,37.24661267,-80.03072801,NA,NA,NA,NA,NA,13.9,99213,18,9,2,11024
51770,G,Food Lion,37.28003904,-80.0065535,NA,NA,NA,NA,NA,13.9,99213,18,9,2,11024
51161,G,Food Lion,37.28077516,-79.86542706,NA,NA,NA,NA,NA,10.3,96653,7,12,0.58,8054
51195,D,Family Dollar,36.90724748,-82.7811431,NA,NA,NA,NA,NA,18.5,36105,11,4,2.75,9026
51089,D,Family Dollar,36.67281299,-79.74480888,NA,NA,NA,NA,NA,14.4,50760,21,5,4.2,10152
51197,D,Family Dollar,36.90858602,-80.80295173,NA,NA,NA,NA,NA,15.9,28275,9,4,2.25,7069
51089,D,Family Dollar,36.76281388,-80.028778,NA,NA,NA,NA,NA,14.4,50760,21,5,4.2,10152
51195,D,Family Dollar,36.86956895,-82.77193035,NA,NA,NA,NA,NA,18.5,36105,11,4,2.75,9026
51520,D,Family Dollar,36.5959941,-82.20799354,NA,NA,NA,NA,NA,16.6,17036,4,3,1.33,5679
51023,D,Family Dollar,37.52057898,-79.68895676,NA,NA,NA,NA,NA,10,33734,5,3,1.67,11245
51143,D,Family Dollar,36.82398716,-79.39832337,NA,NA,NA,NA,NA,14,60541,16,4,4,15135
51173,D,Family Dollar,36.80661646,-81.67433062,NA,NA,NA,NA,NA,17.5,29799,9,4,2.25,7450
51005,D,Family Dollar,37.81542571,-79.8237055,NA,NA,NA,NA,NA,13.6,15159,2,1,2,15159
51051,D,Family Dollar,37.15045811,-82.46230307,NA,NA,NA,NA,NA,21.2,14089,2,1,2,14089
51195,D,Family Dollar,36.94366899,-82.46281566,NA,NA,NA,NA,NA,18.5,36105,11,4,2.75,9026
51089,D,Family Dollar,36.71744578,-79.90877462,NA,NA,NA,NA,NA,14.4,50760,21,5,4.2,10152
51580,D,Family Dollar,37.78093961,-79.99058776,NA,NA,NA,NA,NA,13.6,5722,3,2,1.5,2861
51143,D,Family Dollar,36.70409264,-79.37091977,NA,NA,NA,NA,NA,14,60541,16,4,4,15135
51590,D,Family Dollar,36.62260456,-79.38442477,NA,NA,NA,NA,NA,16.7,42507,16,7,2.29,6072
51590,D,Family Dollar,36.58275278,-79.33824007,NA,NA,NA,NA,NA,16.7,42507,16,7,2.29,6072
51590,D,Family Dollar,36.56958247,-79.40544592,NA,NA,NA,NA,NA,16.7,42507,16,7,2.29,6072
51143,D,Family Dollar,36.67370467,-79.41874495,NA,NA,NA,NA,NA,14,60541,16,4,4,15135
51590,D,Family Dollar,36.61116507,-79.40671343,NA,NA,NA,NA,NA,16.7,42507,16,7,2.29,6072
51590,D,Family Dollar,36.56881115,-79.43365809,NA,NA,NA,NA,NA,16.7,42507,16,7,2.29,6072
51590,D,Family Dollar,36.59513345,-79.3852159,NA,NA,NA,NA,NA,16.7,42507,16,7,2.29,6072
51155,D,Family Dollar,37.10417922,-80.68707756,NA,NA,NA,NA,NA,14.5,33841,6,5,1.2,6768
51169,D,Family Dollar,36.71244089,-82.79505815,NA,NA,NA,NA,NA,17.7,21536,8,2,4,10768
51063,D,Family Dollar,36.92255489,-80.32489003,NA,NA,NA,NA,NA,11,15532,4,1,4,15532
51640,D,Family Dollar,36.66186171,-80.92636826,NA,NA,NA,NA,NA,16.3,6687,5,2,2.5,3344
51143,D,Family Dollar,36.94711016,-79.36250565,NA,NA,NA,NA,NA,14,60541,16,4,4,15135
51035,D,Family Dollar,36.76316776,-80.73289618,NA,NA,NA,NA,NA,14.6,29126,7,1,7,29126
51167,D,Family Dollar,37.01614556,-81.97436247,NA,NA,NA,NA,NA,19.3,25763,6,2,3,12882
51143,D,Family Dollar,37.10269198,-79.29916711,NA,NA,NA,NA,NA,14,60541,16,4,4,15135
51197,D,Family Dollar,36.9341005,-80.94515453,NA,NA,NA,NA,NA,15.9,28275,9,4,2.25,7069
51141,D,Family Dollar,36.73772753,-80.38987997,NA,NA,NA,NA,NA,14,17660,4,1,4,17660
51045,D,Family Dollar,37.50354912,-80.10991347,NA,NA,NA,NA,NA,12.1,4898,1,0,Inf,Inf
51185,D,Family Dollar,37.1357193,-81.49372382,NA,NA,NA,NA,NA,16.5,40392,14,6,2.33,6732
51027,D,Family Dollar,37.22114714,-82.03093933,NA,NA,NA,NA,NA,21.7,20246,8,2,4,10123
51105,D,Family Dollar,36.76309596,-83.0151502,NA,NA,NA,NA,NA,21.2,22287,7,1,7,22287
51071,D,Family Dollar,37.39301427,-80.80545467,NA,NA,NA,NA,NA,11.9,16711,6,2,3,8356
51185,D,Family Dollar,37.09503626,-81.80925253,NA,NA,NA,NA,NA,16.5,40392,14,6,2.33,6732
51161,D,Family Dollar,37.24154482,-79.99478279,NA,NA,NA,NA,NA,10.3,96653,7,12,0.58,8054
51770,D,Family Dollar,37.2851916,-79.96420949,NA,NA,NA,NA,NA,13.9,99213,18,9,2,11024
51770,D,Family Dollar,37.30127173,-79.94155589,NA,NA,NA,NA,NA,13.9,99213,18,9,2,11024
51770,D,Family Dollar,37.28426295,-79.97694686,NA,NA,NA,NA,NA,13.9,99213,18,9,2,11024
51770,D,Family Dollar,37.28056612,-80.00880197,NA,NA,NA,NA,NA,13.9,99213,18,9,2,11024
51770,D,Family Dollar,37.31598049,-80.00306555,NA,NA,NA,NA,NA,13.9,99213,18,9,2,11024
51197,D,Family Dollar,36.90198384,-81.27313902,NA,NA,NA,NA,NA,15.9,28275,9,4,2.25,7069
51089,D,Family Dollar,36.62395234,-79.95959419,NA,NA,NA,NA,NA,14.4,50760,21,5,4.2,10152
51089,D,Family Dollar,36.73721674,-79.95906153,NA,NA,NA,NA,NA,14.4,50760,21,5,4.2,10152
51141,D,Family Dollar,36.63555567,-80.20622726,NA,NA,NA,NA,NA,14,17660,4,1,4,17660
51027,D,Family Dollar,37.22381531,-82.09866749,NA,NA,NA,NA,NA,21.7,20246,8,2,4,10123
51067,D,Family Dollar,37.1063408,-79.81577003,NA,NA,NA,NA,NA,12.7,54838,10,4,2.5,13710
51195,D,Family Dollar,36.97645942,-82.5718778,NA,NA,NA,NA,NA,18.5,36105,11,4,2.75,9026
51191,D,Dollar Tree,36.71142992,-81.93056313,NA,NA,NA,NA,NA,14.5,53985,11,5,2.2,10797
51019,D,Dollar Tree,37.32537564,-79.49531906,NA,NA,NA,NA,NA,10.7,79761,13,7,1.86,11394
51195,D,Dollar Tree,36.85910369,-82.75607702,NA,NA,NA,NA,NA,18.5,36105,11,4,2.75,9026
51121,D,Dollar Tree,37.21644886,-80.39981739,NA,NA,NA,NA,NA,13.5,99373,9,9,1,11041
51185,D,Dollar Tree,37.23789264,-81.2565122,NA,NA,NA,NA,NA,16.5,40392,14,6,2.33,6732
51191,D,Dollar Tree,36.63503459,-82.12899251,NA,NA,NA,NA,NA,14.5,53985,11,5,2.2,10797
51121,D,Dollar Tree,37.16117647,-80.41998256,NA,NA,NA,NA,NA,13.5,99373,9,9,1,11041
51089,D,Dollar Tree,36.71749937,-79.90892181,NA,NA,NA,NA,NA,14.4,50760,21,5,4.2,10152
51580,D,Dollar Tree,37.76906725,-79.99000547,NA,NA,NA,NA,NA,13.6,5722,3,2,1.5,2861
51143,D,Dollar Tree,36.61530155,-79.57856492,NA,NA,NA,NA,NA,14,60541,16,4,4,15135
51590,D,Dollar Tree,36.58075106,-79.34580688,NA,NA,NA,NA,NA,16.7,42507,16,7,2.29,6072
51590,D,Dollar Tree,36.59794615,-79.42926343,NA,NA,NA,NA,NA,16.7,42507,16,7,2.29,6072
51155,D,Dollar Tree,37.08966482,-80.68907165,NA,NA,NA,NA,NA,14.5,33841,6,5,1.2,6768
51019,D,Dollar Tree,37.36823614,-79.29992465,NA,NA,NA,NA,NA,10.7,79761,13,7,1.86,11394
51640,D,Dollar Tree,36.66626633,-80.92762615,NA,NA,NA,NA,NA,16.3,6687,5,2,2.5,3344
51640,D,Dollar Tree,36.69178447,-80.88348225,NA,NA,NA,NA,NA,16.3,6687,5,2,2.5,3344
51027,D,Dollar Tree,37.2561068,-82.10757046,NA,NA,NA,NA,NA,21.7,20246,8,2,4,10123
51167,D,Dollar Tree,36.90110721,-82.04336387,NA,NA,NA,NA,NA,19.3,25763,6,2,3,12882
51173,D,Dollar Tree,36.84785202,-81.49249125,NA,NA,NA,NA,NA,17.5,29799,9,4,2.25,7450
51690,D,Dollar Tree,36.69802201,-79.87782223,NA,NA,NA,NA,NA,17.1,13539,4,3,1.33,4513
51089,D,Dollar Tree,36.65265807,-79.87592739,NA,NA,NA,NA,NA,14.4,50760,21,5,4.2,10152
51690,D,Dollar Tree,36.69110276,-79.88766224,NA,NA,NA,NA,NA,17.1,13539,4,3,1.33,4513
51720,D,Dollar Tree,36.9408104,-82.60234733,NA,NA,NA,NA,NA,22.1,3668,2,1,2,3668
51071,D,Dollar Tree,37.32923302,-80.71006025,NA,NA,NA,NA,NA,11.9,16711,6,2,3,8356
51185,D,Dollar Tree,37.06529554,-81.73506012,NA,NA,NA,NA,NA,16.5,40392,14,6,2.33,6732
51155,D,Dollar Tree,37.04893342,-80.75952228,NA,NA,NA,NA,NA,14.5,33841,6,5,1.2,6768
51155,D,Dollar Tree,37.14109173,-80.5783824,NA,NA,NA,NA,NA,14.5,33841,6,5,1.2,6768
51089,D,Dollar Tree,36.62672171,-79.86127316,NA,NA,NA,NA,NA,14.4,50760,21,5,4.2,10152
51770,D,Dollar Tree,37.25087503,-79.91868545,NA,NA,NA,NA,NA,13.9,99213,18,9,2,11024
51161,D,Dollar Tree,37.2452359,-80.03188969,NA,NA,NA,NA,NA,10.3,96653,7,12,0.58,8054
51770,D,Dollar Tree,37.26159789,-79.99870616,NA,NA,NA,NA,NA,13.9,99213,18,9,2,11024
51770,D,Dollar Tree,37.29826846,-79.94009231,NA,NA,NA,NA,NA,13.9,99213,18,9,2,11024
51161,D,Dollar Tree,37.34521444,-79.95592721,NA,NA,NA,NA,NA,10.3,96653,7,12,0.58,8054
51770,D,Dollar Tree,37.3053448,-79.98113075,NA,NA,NA,NA,NA,13.9,99213,18,9,2,11024
51770,D,Dollar Tree,37.3038273,-79.89373401,NA,NA,NA,NA,NA,13.9,99213,18,9,2,11024
51770,D,Dollar Tree,37.22426192,-79.96730937,NA,NA,NA,NA,NA,13.9,99213,18,9,2,11024
51770,D,Dollar Tree,37.30626192,-79.9696112,NA,NA,NA,NA,NA,13.9,99213,18,9,2,11024
51067,D,Dollar Tree,37.01124917,-79.86960841,NA,NA,NA,NA,NA,12.7,54838,10,4,2.5,13710
51775,D,Dollar Tree,37.29061608,-80.08273865,NA,NA,NA,NA,NA,11.7,25372,3,5,0.6,5074
51775,D,Dollar Tree,37.28208288,-80.10965345,NA,NA,NA,NA,NA,11.7,25372,3,5,0.6,5074
51161,D,Dollar Tree,37.2717925,-79.8876484,NA,NA,NA,NA,NA,10.3,96653,7,12,0.58,8054
51169,D,Dollar Tree,36.61619712,-82.56706422,NA,NA,NA,NA,NA,17.7,21536,8,2,4,10768
51195,D,Dollar Tree,36.96817182,-82.59915847,NA,NA,NA,NA,NA,18.5,36105,11,4,2.75,9026
51197,D,Dollar Tree,36.95852707,-81.10007994,NA,NA,NA,NA,NA,15.9,28275,9,4,2.25,7069
51191,D,Dollar General,36.71683218,-81.9451011,NA,NA,NA,NA,NA,14.5,53985,11,5,2.2,10797
51191,D,Dollar General,36.70221402,-81.91479098,NA,NA,NA,NA,NA,14.5,53985,11,5,2.2,10797
51191,D,Dollar General,36.63553738,-82.00011833,NA,NA,NA,NA,NA,14.5,53985,11,5,2.2,10797
51191,D,Dollar General,36.72418666,-82.01772998,NA,NA,NA,NA,NA,14.5,53985,11,5,2.2,10797
51197,D,Dollar General,36.90231381,-80.7985278,NA,NA,NA,NA,NA,15.9,28275,9,4,2.25,7069
51143,D,Dollar General,36.73426022,-79.38059192,NA,NA,NA,NA,NA,14,60541,16,4,4,15135
51185,D,Dollar General,37.04154073,-81.79080838,NA,NA,NA,NA,NA,16.5,40392,14,6,2.33,6732
51143,D,Dollar General,36.79063676,-79.39602864,NA,NA,NA,NA,NA,14,60541,16,4,4,15135
51143,D,Dollar General,36.72927863,-79.54164146,NA,NA,NA,NA,NA,14,60541,16,4,4,15135
51173,D,Dollar General,36.79751693,-81.68355426,NA,NA,NA,NA,NA,17.5,29799,9,4,2.25,7450
51089,D,Dollar General,36.71351434,-79.90673335,NA,NA,NA,NA,NA,14.4,50760,21,5,4.2,10152
51089,D,Dollar General,36.73352285,-79.92310322,NA,NA,NA,NA,NA,14.4,50760,21,5,4.2,10152
51063,D,Dollar General,37.04412224,-80.16335432,NA,NA,NA,NA,NA,11,15532,4,1,4,15532
51105,D,Dollar General,36.77388356,-82.95155584,NA,NA,NA,NA,NA,21.2,22287,7,1,7,22287
51169,D,Dollar General,36.82662107,-82.46907395,NA,NA,NA,NA,NA,17.7,21536,8,2,4,10768
51105,D,Dollar General,36.61803193,-83.55499698,NA,NA,NA,NA,NA,21.2,22287,7,1,7,22287
51023,D,Dollar General,37.49636316,-79.87985819,NA,NA,NA,NA,NA,10,33734,5,3,1.67,11245
51191,D,Dollar General,36.7900484,-81.76636299,NA,NA,NA,NA,NA,14.5,53985,11,5,2.2,10797
51191,D,Dollar General,36.76926749,-81.77881543,NA,NA,NA,NA,NA,14.5,53985,11,5,2.2,10797
51143,D,Dollar General,36.94903085,-79.36307384,NA,NA,NA,NA,NA,14,60541,16,4,4,15135
51167,D,Dollar General,37.01534323,-81.9584514,NA,NA,NA,NA,NA,19.3,25763,6,2,3,12882
51027,D,Dollar General,37.08341913,-82.08331304,NA,NA,NA,NA,NA,21.7,20246,8,2,4,10123
51197,D,Dollar General,36.83846028,-80.96163119,NA,NA,NA,NA,NA,15.9,28275,9,4,2.25,7069
51105,D,Dollar General,36.68844063,-83.11179651,NA,NA,NA,NA,NA,21.2,22287,7,1,7,22287
51167,D,Dollar General,36.90644689,-82.0485015,NA,NA,NA,NA,NA,19.3,25763,6,2,3,12882
51185,D,Dollar General,37.17858734,-81.43490954,NA,NA,NA,NA,NA,16.5,40392,14,6,2.33,6732
51185,D,Dollar General,37.13399537,-81.49689012,NA,NA,NA,NA,NA,16.5,40392,14,6,2.33,6732
51185,D,Dollar General,37.14652607,-81.54578537,NA,NA,NA,NA,NA,16.5,40392,14,6,2.33,6732
51105,D,Dollar General,36.74270874,-83.05496728,NA,NA,NA,NA,NA,21.2,22287,7,1,7,22287
51105,D,Dollar General,36.70981963,-82.96050952,NA,NA,NA,NA,NA,21.2,22287,7,1,7,22287
51089,D,Dollar General,36.7397648,-79.95625681,NA,NA,NA,NA,NA,14.4,50760,21,5,4.2,10152
51173,D,Dollar General,36.88124947,-81.76185691,NA,NA,NA,NA,NA,17.5,29799,9,4,2.25,7450
51067,D,Dollar General,37.07492035,-79.91241835,NA,NA,NA,NA,NA,12.7,54838,10,4,2.5,13710
51067,D,Dollar General,36.95545507,-79.88026952,NA,NA,NA,NA,NA,12.7,54838,10,4,2.5,13710
51067,D,Dollar General,36.83506926,-79.92036275,NA,NA,NA,NA,NA,12.7,54838,10,4,2.5,13710
51067,D,Dollar General,37.00441047,-79.88451177,NA,NA,NA,NA,NA,12.7,54838,10,4,2.5,13710
51089,D,Dollar General,36.62713052,-79.95225888,NA,NA,NA,NA,NA,14.4,50760,21,5,4.2,10152
51089,D,Dollar General,36.57569873,-79.85730977,NA,NA,NA,NA,NA,14.4,50760,21,5,4.2,10152
51185,D,Dollar General,37.30393742,-81.33932552,NA,NA,NA,NA,NA,16.5,40392,14,6,2.33,6732
51173,D,Dollar General,36.77558194,-81.41174028,NA,NA,NA,NA,NA,17.5,29799,9,4,2.25,7450
51161,D,Dollar General,37.27536933,-79.8844785,NA,NA,NA,NA,NA,10.3,96653,7,12,0.58,8054
51019,D,Dollar General,37.27062303,-79.80681288,NA,NA,NA,NA,NA,10.7,79761,13,7,1.86,11394
51019,D,Dollar General,37.25700962,-79.72272017,NA,NA,NA,NA,NA,10.7,79761,13,7,1.86,11394
51063,D,Dollar General,36.86495977,-80.46357609,NA,NA,NA,NA,NA,11,15532,4,1,4,15532
51035,D,Dollar General,36.71895722,-80.8221049,NA,NA,NA,NA,NA,14.6,29126,7,1,7,29126
51173,D,Dollar General,36.86731371,-81.42257984,NA,NA,NA,NA,NA,17.5,29799,9,4,2.25,7450
51089,D,Dollar General,36.71672542,-80.05113254,NA,NA,NA,NA,NA,14.4,50760,21,5,4.2,10152
51089,D,Dollar General,36.76067974,-80.02157309,NA,NA,NA,NA,NA,14.4,50760,21,5,4.2,10152
51195,D,Dollar General,36.87000065,-82.77657118,NA,NA,NA,NA,NA,18.5,36105,11,4,2.75,9026
51021,D,Dollar General,37.10049703,-81.12365432,NA,NA,NA,NA,NA,12.5,6241,1,0,Inf,Inf
51035,D,Dollar General,36.58131912,-80.73498849,NA,NA,NA,NA,NA,14.6,29126,7,1,7,29126
51143,D,Dollar General,36.62350804,-79.60786726,NA,NA,NA,NA,NA,14,60541,16,4,4,15135
51005,D,Dollar General,37.81578486,-79.82055072,NA,NA,NA,NA,NA,13.6,15159,2,1,2,15159
51155,D,Dollar General,37.0961325,-80.6906999,NA,NA,NA,NA,NA,14.5,33841,6,5,1.2,6768
51121,D,Dollar General,37.230875,-80.20194562,NA,NA,NA,NA,NA,13.5,99373,9,9,1,11041
51640,D,Dollar General,36.64944761,-80.91902218,NA,NA,NA,NA,NA,16.3,6687,5,2,2.5,3344
51640,D,Dollar General,36.67753775,-80.89683615,NA,NA,NA,NA,NA,16.3,6687,5,2,2.5,3344
51027,D,Dollar General,37.42047136,-82.01568875,NA,NA,NA,NA,NA,21.7,20246,8,2,4,10123
51173,D,Dollar General,36.84017883,-81.50668568,NA,NA,NA,NA,NA,17.5,29799,9,4,2.25,7450
51173,D,Dollar General,36.7893062,-81.58218072,NA,NA,NA,NA,NA,17.5,29799,9,4,2.25,7450
51173,D,Dollar General,36.82109449,-81.54841963,NA,NA,NA,NA,NA,17.5,29799,9,4,2.25,7450
51071,D,Dollar General,37.33492958,-80.80414789,NA,NA,NA,NA,NA,11.9,16711,6,2,3,8356
51720,D,Dollar General,36.93054339,-82.64720828,NA,NA,NA,NA,NA,22.1,3668,2,1,2,3668
51750,D,Dollar General,37.12870374,-80.54579488,NA,NA,NA,NA,NA,16.8,16379,2,2,1,8190
51750,D,Dollar General,37.11557808,-80.59052106,NA,NA,NA,NA,NA,16.8,16379,2,2,1,8190
51121,D,Dollar General,37.17168603,-80.51423329,NA,NA,NA,NA,NA,13.5,99373,9,9,1,11041
51071,D,Dollar General,37.38045266,-80.82125139,NA,NA,NA,NA,NA,11.9,16711,6,2,3,8356
51121,D,Dollar General,37.06624197,-80.44163691,NA,NA,NA,NA,NA,13.5,99373,9,9,1,11041
51105,D,Dollar General,36.6727993,-83.36656667,NA,NA,NA,NA,NA,21.2,22287,7,1,7,22287
51197,D,Dollar General,36.81499141,-81.17529253,NA,NA,NA,NA,NA,15.9,28275,9,4,2.25,7069
51027,D,Dollar General,37.23852205,-82.07266429,NA,NA,NA,NA,NA,21.7,20246,8,2,4,10123
51141,D,Dollar General,36.63425502,-80.26963624,NA,NA,NA,NA,NA,14,17660,4,1,4,17660
51195,D,Dollar General,36.89977286,-82.78603308,NA,NA,NA,NA,NA,18.5,36105,11,4,2.75,9026
51035,D,Dollar General,36.81469896,-80.81189006,NA,NA,NA,NA,NA,14.6,29126,7,1,7,29126
51121,D,Dollar General,37.23506753,-80.43287489,NA,NA,NA,NA,NA,13.5,99373,9,9,1,11041
51185,D,Dollar General,37.24430723,-81.24026677,NA,NA,NA,NA,NA,16.5,40392,14,6,2.33,6732
51185,D,Dollar General,37.25406113,-81.26779502,NA,NA,NA,NA,NA,16.5,40392,14,6,2.33,6732
51167,D,Dollar General,36.84267121,-82.22649762,NA,NA,NA,NA,NA,19.3,25763,6,2,3,12882
51121,D,Dollar General,37.12761616,-80.41022142,NA,NA,NA,NA,NA,13.5,99373,9,9,1,11041
51121,D,Dollar General,37.13296991,-80.37760445,NA,NA,NA,NA,NA,13.5,99373,9,9,1,11041
51580,D,Dollar General,37.78030137,-79.99164006,NA,NA,NA,NA,NA,13.6,5722,3,2,1.5,2861
51143,D,Dollar General,36.6686478,-79.41606431,NA,NA,NA,NA,NA,14,60541,16,4,4,15135
51143,D,Dollar General,36.62980757,-79.46265426,NA,NA,NA,NA,NA,14,60541,16,4,4,15135
51590,D,Dollar General,36.55897727,-79.45806539,NA,NA,NA,NA,NA,16.7,42507,16,7,2.29,6072
51590,D,Dollar General,36.5520681,-79.40251521,NA,NA,NA,NA,NA,16.7,42507,16,7,2.29,6072
51590,D,Dollar General,36.63653499,-79.38894605,NA,NA,NA,NA,NA,16.7,42507,16,7,2.29,6072
51590,D,Dollar General,36.59522348,-79.41669533,NA,NA,NA,NA,NA,16.7,42507,16,7,2.29,6072
51590,D,Dollar General,36.59088802,-79.4497759,NA,NA,NA,NA,NA,16.7,42507,16,7,2.29,6072
51590,D,Dollar General,36.60484404,-79.51574115,NA,NA,NA,NA,NA,16.7,42507,16,7,2.29,6072
51590,D,Dollar General,36.58200442,-79.344672,NA,NA,NA,NA,NA,16.7,42507,16,7,2.29,6072
51590,D,Dollar General,36.57062487,-79.41906875,NA,NA,NA,NA,NA,16.7,42507,16,7,2.29,6072
51169,D,Dollar General,36.71211089,-82.79714479,NA,NA,NA,NA,NA,17.7,21536,8,2,4,10768
51067,D,Dollar General,36.92197127,-80.01249786,NA,NA,NA,NA,NA,12.7,54838,10,4,2.5,13710
51063,D,Dollar General,36.91692217,-80.30827329,NA,NA,NA,NA,NA,11,15532,4,1,4,15532
51027,D,Dollar General,37.2987137,-82.04715537,NA,NA,NA,NA,NA,21.7,20246,8,2,4,10123
51143,D,Dollar General,37.06947943,-79.34083892,NA,NA,NA,NA,NA,14,60541,16,4,4,15135
51089,D,Dollar General,36.65306151,-79.87647543,NA,NA,NA,NA,NA,14.4,50760,21,5,4.2,10152
51690,D,Dollar General,36.67844688,-79.85191832,NA,NA,NA,NA,NA,17.1,13539,4,3,1.33,4513
51089,D,Dollar General,36.68301426,-79.7942133,NA,NA,NA,NA,NA,14.4,50760,21,5,4.2,10152
51690,D,Dollar General,36.70418781,-79.87265157,NA,NA,NA,NA,NA,17.1,13539,4,3,1.33,4513
51191,D,Dollar General,36.74720449,-81.85483427,NA,NA,NA,NA,NA,14.5,53985,11,5,2.2,10797
51019,D,Dollar General,37.16676487,-79.63603303,NA,NA,NA,NA,NA,10.7,79761,13,7,1.86,11394
51067,D,Dollar General,37.11878052,-79.71342215,NA,NA,NA,NA,NA,12.7,54838,10,4,2.5,13710
51067,D,Dollar General,37.0796484,-79.66147826,NA,NA,NA,NA,NA,12.7,54838,10,4,2.5,13710
51071,D,Dollar General,37.32654391,-80.72924791,NA,NA,NA,NA,NA,11.9,16711,6,2,3,8356
51185,D,Dollar General,37.08590421,-81.85977916,NA,NA,NA,NA,NA,16.5,40392,14,6,2.33,6732
51185,D,Dollar General,37.09332812,-81.81934076,NA,NA,NA,NA,NA,16.5,40392,14,6,2.33,6732
51185,D,Dollar General,37.09329265,-81.78017606,NA,NA,NA,NA,NA,16.5,40392,14,6,2.33,6732
51143,D,Dollar General,36.65760011,-79.29843876,NA,NA,NA,NA,NA,14,60541,16,4,4,15135
51143,D,Dollar General,36.57975698,-79.26249155,NA,NA,NA,NA,NA,14,60541,16,4,4,15135
51167,D,Dollar General,36.95869523,-81.9320407,NA,NA,NA,NA,NA,19.3,25763,6,2,3,12882
51195,D,Dollar General,36.90810011,-82.31601149,NA,NA,NA,NA,NA,18.5,36105,11,4,2.75,9026
51089,D,Dollar General,36.61448956,-80.03031086,NA,NA,NA,NA,NA,14.4,50760,21,5,4.2,10152
51023,D,Dollar General,37.34720151,-79.84604369,NA,NA,NA,NA,NA,10,33734,5,3,1.67,11245
51023,D,Dollar General,37.38587352,-79.9029133,NA,NA,NA,NA,NA,10,33734,5,3,1.67,11245
51141,D,Dollar General,36.78879148,-80.2745048,NA,NA,NA,NA,NA,14,17660,4,1,4,17660
51089,D,Dollar General,36.64178657,-79.81018872,NA,NA,NA,NA,NA,14.4,50760,21,5,4.2,10152
51089,D,Dollar General,36.78310254,-79.68768916,NA,NA,NA,NA,NA,14.4,50760,21,5,4.2,10152
51019,D,Dollar General,37.34782545,-79.50620155,NA,NA,NA,NA,NA,10.7,79761,13,7,1.86,11394
51019,D,Dollar General,37.33713235,-79.53182211,NA,NA,NA,NA,NA,10.7,79761,13,7,1.86,11394
51019,D,Dollar General,37.2269248,-79.55969366,NA,NA,NA,NA,NA,10.7,79761,13,7,1.86,11394
51191,D,Dollar General,36.61126608,-82.23519624,NA,NA,NA,NA,NA,14.5,53985,11,5,2.2,10797
51520,D,Dollar General,36.6018804,-82.19624103,NA,NA,NA,NA,NA,16.6,17036,4,3,1.33,5679
51520,D,Dollar General,36.60650607,-82.1555976,NA,NA,NA,NA,NA,16.6,17036,4,3,1.33,5679
51191,D,Dollar General,36.66454788,-82.06626143,NA,NA,NA,NA,NA,14.5,53985,11,5,2.2,10797
51520,D,Dollar General,36.63343944,-82.11956202,NA,NA,NA,NA,NA,16.6,17036,4,3,1.33,5679
51023,D,Dollar General,37.51228008,-79.70926102,NA,NA,NA,NA,NA,10,33734,5,3,1.67,11245
51195,D,Dollar General,36.94128972,-82.4839902,NA,NA,NA,NA,NA,18.5,36105,11,4,2.75,9026
51035,D,Dollar General,36.67551107,-80.69639439,NA,NA,NA,NA,NA,14.6,29126,7,1,7,29126
51089,D,Dollar General,36.69525904,-79.9595665,NA,NA,NA,NA,NA,14.4,50760,21,5,4.2,10152
51019,D,Dollar General,37.36995502,-79.25233934,NA,NA,NA,NA,NA,10.7,79761,13,7,1.86,11394
51019,D,Dollar General,37.37131731,-79.30147483,NA,NA,NA,NA,NA,10.7,79761,13,7,1.86,11394
51019,D,Dollar General,37.30448855,-79.31566496,NA,NA,NA,NA,NA,10.7,79761,13,7,1.86,11394
51077,D,Dollar General,36.70882599,-80.9685337,NA,NA,NA,NA,NA,15.5,15356,2,1,2,15356
51169,D,Dollar General,36.63941394,-82.57862967,NA,NA,NA,NA,NA,17.7,21536,8,2,4,10768
51169,D,Dollar General,36.65246167,-82.47341268,NA,NA,NA,NA,NA,17.7,21536,8,2,4,10768
51051,D,Dollar General,37.20509232,-82.29327969,NA,NA,NA,NA,NA,21.2,14089,2,1,2,14089
51035,D,Dollar General,36.77605006,-80.71220673,NA,NA,NA,NA,NA,14.6,29126,7,1,7,29126
51035,D,Dollar General,36.75592081,-80.74235795,NA,NA,NA,NA,NA,14.6,29126,7,1,7,29126
51019,D,Dollar General,37.17801308,-79.43585593,NA,NA,NA,NA,NA,10.7,79761,13,7,1.86,11394
51077,D,Dollar General,36.6199333,-81.14229043,NA,NA,NA,NA,NA,15.5,15356,2,1,2,15356
51019,D,Dollar General,37.3839339,-79.7318189,NA,NA,NA,NA,NA,10.7,79761,13,7,1.86,11394
51169,D,Dollar General,36.75391478,-82.41336473,NA,NA,NA,NA,NA,17.7,21536,8,2,4,10768
51027,D,Dollar General,37.2035891,-81.96973913,NA,NA,NA,NA,NA,21.7,20246,8,2,4,10123
51071,D,Dollar General,37.32214328,-80.6384376,NA,NA,NA,NA,NA,11.9,16711,6,2,3,8356
51195,D,Dollar General,37.11822969,-82.59870942,NA,NA,NA,NA,NA,18.5,36105,11,4,2.75,9026
51155,D,Dollar General,37.04543623,-80.78166502,NA,NA,NA,NA,NA,14.5,33841,6,5,1.2,6768
51770,D,Dollar General,37.29183452,-79.91063906,NA,NA,NA,NA,NA,13.9,99213,18,9,2,11024
51770,D,Dollar General,37.27161002,-79.92183052,NA,NA,NA,NA,NA,13.9,99213,18,9,2,11024
51770,D,Dollar General,37.2492426,-79.9205464,NA,NA,NA,NA,NA,13.9,99213,18,9,2,11024
51770,D,Dollar General,37.29207755,-79.99064263,NA,NA,NA,NA,NA,13.9,99213,18,9,2,11024
51770,D,Dollar General,37.30648738,-79.93262696,NA,NA,NA,NA,NA,13.9,99213,18,9,2,11024
51161,D,Dollar General,37.23460033,-80.00853488,NA,NA,NA,NA,NA,10.3,96653,7,12,0.58,8054
51161,D,Dollar General,37.34053917,-79.95604825,NA,NA,NA,NA,NA,10.3,96653,7,12,0.58,8054
51770,D,Dollar General,37.2631314,-80.00327518,NA,NA,NA,NA,NA,13.9,99213,18,9,2,11024
51197,D,Dollar General,36.91072777,-81.27260411,NA,NA,NA,NA,NA,15.9,28275,9,4,2.25,7069
51775,D,Dollar General,37.29030493,-80.09631503,NA,NA,NA,NA,NA,11.7,25372,3,5,0.6,5074
51121,D,Dollar General,37.16863846,-80.25562046,NA,NA,NA,NA,NA,13.5,99373,9,9,1,11041
51067,D,Dollar General,36.99268586,-79.67519458,NA,NA,NA,NA,NA,12.7,54838,10,4,2.5,13710
51169,D,Dollar General,36.62045229,-82.56589652,NA,NA,NA,NA,NA,17.7,21536,8,2,4,10768
51197,D,Dollar General,36.95483742,-81.07412382,NA,NA,NA,NA,NA,15.9,28275,9,4,2.25,7069
51071,P,Giles Health and Family Center Food Pantry,37.3276271,-80.7323121,"701 Wenonah Ave, Pearisburg, VA 24134, USA",,,,,,,,,,
51051,P,The Dickenson County Food Bank,37.133412,-82.491192,"1280 Browning Hollow, Clintwood, VA 24228, USA",,,,,,,,,,
51720,P,Food Bank of Wise County,36.9534408,-82.6038935,"200 Industrial Drive NE, Wise, VA 24293, USA",,,,,,,,,,
51195,P,St. Mark's Neighbor's Aid,36.9052951,-82.3098294,"16629 Broad St, Saint Paul, VA 24283, USA",,,,,,,,,,
51191,P,Ecumenical Faith in Action,36.7182374,-81.9468752,"798 Hillman Hwy., Abingdon, VA 24210, USA",,,,,,,,,,
51185,P,Good Samaritan Food Pantry,37.0868361,-81.8070291,"654 Kents Ridge Road, Richlands, VA 24641, USA",,,,,,,,,,
51027,P,Feeding My Sheep,37.2099288,-82.1824736,"7653 Lover's Gap Rd, Vansant, VA 24656, USA",,,,,,,,,,
51169,P,Midway Memorial United Methodist Church Food Pantry,36.7161911,-82.539826,"5532 Veterans Memorial Hwy., Gate City, VA 24251, USA",,,,,,,,,,
51195,P,First Baptist Church Food Pantry,36.9065125,-82.3110341,"3103 Fourth Ave., St. Paul, VA 24283, USA",,,,,,,,,,
51173,P,Atkins Food Pantry,36.8694291,-81.4099974,"6118 Lee Hwy., Atkins, VA 24311, USA",,,,,,,,,,
51173,P,Loaves and Fishes Chilhowie,36.8018976,-81.6750503,"141 South Pine Ave., Chilhowie, VA 24319, USA",,,,,,,,,,
51021,P,Bland Ministry Center and Dental,37.1016092,-81.1232921,"65 Seddon Street, Bland, VA 24315, USA",,,,,,,,,,
51027,P,"Hurley Community Development, Inc.",37.3748909,-82.0471222,"3206 Lester Fork Rd, Hurley, VA 24620, USA",,,,,,,,,,
51520,P,Bristol Emergency Food Pantry,36.595563,-82.1784587,"155 Washington St., Bristol, VA 24201, USA",,,,,,,,,,
51191,P,Highlands Fellowship Food Pantry,36.6673715,-81.9658729,"22417 Watauga Rd., Abingdon, VA 24212, USA",,,,,,,,,,
51169,P,Scott County Ministerial Association,36.6371552,-82.5807387,"112 Library Avenue, Gate City, VA 24251, USA",,,,,,,,,,
51195,P,FBC Hope Center Ministries,36.9431649,-82.4605939,"701 Front St E, Coeburn, VA 24230, USA",,,,,,,,,,
51077,P,Hands of Grace,36.720849,-81.1778074,"57 School Lane, Elk Creek, VA 24326, USA",,,,,,,,,,
51185,P,Open Door Food Pantry,37.128281,-81.6202689,"106 Hodge Street, North Tazewell, VA 24630, USA",,,,,,,,,,
51185,P,Labor of Love Missions,37.1327028,-81.5272853,"1379 Tazewell Ave, N. Tazewell, VA 24630, USA",,,,,,,,,,
51167,P,Word of Victory Fellowship Ministries,36.9339137,-81.9769185,"15300 N US 19, Lebanon, VA 24260, USA",,,,,,,,,,
51185,P,Grace Full Gospel Church,37.1419832,-81.5462142,"741 Adria Road, North Tazewell, VA 24630, USA",,,,,,,,,,
51105,P,Rose Hill Calvary Road Pantry,36.6776895,-83.3562937,"341 Calvary Road, Rose Hill, VA 24281, USA",,,,,,,,,,
51167,P,House of The Lord,36.9082057,-82.2700629,"2680 Red Oak Ridge Road, Castlewood, VA 24224, USA",,,,,,,,,,
51077,P,Mobile Food Pantry -Fries Providence,36.7104023,-81.0388952,"56 Bainbridge Rd, Fries, VA 24330, USA",,,,,,,,,,
51051,P,Mobile Food Pantry -Clinchco,37.1670359,-82.3561099,"198 Cardinal St., Clinchco, VA 24269, USA",,,,,,,,,,
51027,P,Mobile Food Pantry -Grundy,37.2573843,-82.1067958,"1185 Plaza Drive, Grundy, VA 24614, USA",,,,,,,,,,
51027,P,Mobile Food Pantry -Hurley,37.4131278,-82.0108566,"Trey Adkins Athletic Field, Hurley, VA 24620, USA",,,,,,,,,,
51027,P,Mobile Food Pantry -Council,37.083234,-82.084992,"William P. Harris Park, Council, VA 24260, USA",,,,,,,,,,
51027,P,Mobile Food Pantry -Whitewood,37.2428552,-81.8719732,"17422 Dismal River Rd, Whitewood, VA 24657, USA",,,,,,,,,,
51173,P,First United Methodist Church - Marion,36.8323645,-81.5188831,"115 S.Church St., Marion, VA 24354, USA",,,,,,,,,,
51770,P,First Church of the Nazarene Food Pantry,37.2658734,-79.9298051,"728 Highland Ave SE, Roanoke, VA 24013, USA",,,,,,,,,,
51067,P,Heavenly Manna,36.9722573,-79.8757304,"2233 S. Main Street, Rocky Mount, VA 24151, USA",,,,,,,,,,
51161,P,Grace Assembly of God Food Pantry,37.377429,-80.132766,"5530 Catawba Valley Drive, Catawba, VA 24070, USA",,,,,,,,,,
51770,P,Mt. Zion African Methodist,37.2852778,-79.9721186,"2128 Melrose Ave NW, Roanoke, VA 24017, USA",,,,,,,,,,
51770,P,Rosalind Hills Baptist Church,37.2604105,-79.9959773,"2712 Brandon Ave SW, Roanoke, VA 24015, USA",,,,,,,,,,
51770,P,St. Francis House,37.2705138,-79.9569091,"836 Campbell Ave, SW, Roanoke, VA 24016, USA",,,,,,,,,,
51770,P,St. Mark's Lutheran Church,37.2644786,-79.9459625,"1008 Franklin Road SW, Roanoke, VA 24016, USA",,,,,,,,,,
51775,P,Shiloh Baptist Church,37.2909999,-80.056792,"201 South Market Street, Salem, VA 24153, USA",,,,,,,,,,
51161,P,Bonsack Baptist Church,37.3282354,-79.871115,"4845 Cloverdale Rd., Roanoke, VA 24019, USA",,,,,,,,,,
51770,P,High Street Baptist Food Pantry,37.2944814,-79.9717932,"2302 Florida Avenue NW, Roanoke, VA 24017, USA",,,,,,,,,,
51770,P,Rescue Mission,37.2694742,-79.9349989,"402 4th Street SE, Roanoke, VA 24013, USA",,,,,,,,,,
51770,P,Presbyterian Community Center,37.2710707,-79.9225348,"1228 Jamison Ave SE, Roanoke, VA 24013, USA",,,,,,,,,,
51071,P,Faith Temple IPHC Food Pantry,37.3268615,-80.7149664,"1523 Wenonah Ave, Pearisburg, VA 24134, USA",,,,,,,,,,
51770,P,On Our Own Food Pantry,37.2672079,-79.9497918,"429 Elm Ave. SW, Roanoke, VA 24016, USA",,,,,,,,,,
51770,P,Good Samaritan Christian Soldiers Food Pantry,37.2720321,-79.9323769,"728-A Church Avenue, Roanoke, VA 24013, USA",,,,,,,,,,
51023,P,Botetourt Food Pantry,37.4973786,-79.8777865,"111 South Roanoke St, Fincastle, VA 24090, USA",,,,,,,,,,
51067,P,Red Valley United Methodist Church,37.1383368,-79.8621458,"30 Red Valley Rd, Boones Mill, VA 24065, USA",,,,,,,,,,
51770,P,Macedonia Baptist Church,37.300627,-79.9773774,"2910 Cove Road NW, Roanoke, VA 24017, USA",,,,,,,,,,
51775,P,Salem/Roanoke County Community Food Pantry,37.2843355,-80.0471314,"829 Indiana Street, Salem, VA 24153, USA",,,,,,,,,,
51770,P,Staunton Avenue Church of God Food Pantry,37.2876819,-79.9683895,"1926 Staunton Ave NW, Roanoke, VA 24017, USA",,,,,,,,,,
51690,P,First United Methodist Church - Martinsville,36.6910311,-79.8695349,"145 E Main Street, Martinsville, VA 24115, USA",,,,,,,,,,
51770,P,Hill Street Baptist Missionary Ministry,37.2802816,-79.9416986,"111 Madison Ave NW, Roanoke, VA 24016, USA",,,,,,,,,,
51121,P,Shawsville Lay Ministerial Association,37.2203982,-80.2288419,"1870 Big Spring Drive, Elliston, VA 24087, USA",,,,,,,,,,
51067,P,Boones Chapel Food Pantry Food Pantry,36.8525455,-79.7037675,"2228 Circle Creek Road, Penhook, VA 24137, USA",,,,,,,,,,
51775,P,Community Christmas Store,37.2969098,-80.0285388,"161 Electric Road, Suite 2, Salem, VA 24153, USA",,,,,,,,,,
51089,P,Valley Drive Baptist Church Food Pantry,36.6993629,-79.9855988,"889 Valley Drive, Fieldale, VA 24089, USA",,,,,,,,,,
51775,P,Bethel Baptist Food Pantry,37.2738499,-80.0549282,"1601 South Colorado St, Salem, VA 24153, USA",,,,,,,,,,
51063,P,Eagles Nest Food Pantry,37.0154585,-80.3401316,"148 Rehoboth Ln NE, Floyd, VA 24091, USA",,,,,,,,,,
51161,P,Penn Forest/Gifts from Heart Food Pantry,37.2222156,-79.9956987,"3028 Penn Forest Blvd, Roanoke, VA 24018, USA",,,,,,,,,,
51121,P,Helping Hands Foundation,37.16108,-80.5216618,"4003 Morning Glory Road, Radford, VA 24141, USA",,,,,,,,,,
51770,P,Sweet Union Baptist Church Food Pantry,37.2806457,-79.9482149,"521 Madison Ave NW, Roanoke, VA 24016, USA",,,,,,,,,,
51770,P,Hollins Road Baptist Church Food Pantry,37.3067717,-79.9264697,"3502 Old Mountain Road NE, Roanoke, VA 24019, USA",,,,,,,,,,
51640,P,Willing Partners,36.6814968,-80.8948903,"972 East Stuart Drive, Galax, VA 24333, USA",,,,,,,,,,
51690,P,Community Storehouse Food Pantry,36.6897023,-79.8703712,"128 E. Church St., Martinsville, VA 24112, USA",,,,,,,,,,
51197,P,Agape Food Pantry,36.939299,-81.094992,"1355 W. Spring St, Wytheville, VA 24382, USA",,,,,,,,,,
51775,P,Salem Apostolic Church,37.2994171,-80.0199344,"2037 E. Main St, Salem, VA 24153, USA",,,,,,,,,,
51121,P,"The Salvation Army, NRV Food Pantry",37.1302005,-80.410821,"80 College St. Suite M, Christiansburg, VA 24073, USA",,,,,,,,,,
51750,P,Radford Worship Center,37.1171999,-80.5884089,"1820 Second Street, Radford, VA 24141, USA",,,,,,,,,,
51770,P,God's House Ministry Food Pantry,37.2942158,-79.996496,"3601 Melrose Avenue NW, Roanoke, VA 24017, USA",,,,,,,,,,
51063,P,Calvary Baptist Church,36.9380935,-80.2723564,"1400 Floyd Hwy N, Floyd, VA 24091, USA",,,,,,,,,,
51019,P,Lake Christian Ministries,37.1828767,-79.6183638,"13157 Old Moneta Rd S, Moneta, VA 24121, USA",,,,,,,,,,
51143,P,Greater Triumph Missionary Baptist Church,36.793074,-79.387511,"581 Fairview Road, Chatham, VA 24531, USA",,,,,,,,,,
51143,P,Northern Pittsylvania County Food Center,36.9555936,-79.3546961,"402 Chaney Lane, Gretna, VA 24557, USA",,,,,,,,,,
51590,P,God's Storehouse,36.592357,-79.4045374,"750 Memorial Dr, Danville, VA 24541, USA",,,,,,,,,,
51019,P,Agape Center Moneta,37.1926907,-79.6001104,"1159 Promised Land Rd, Moneta, VA 24121, USA",,,,,,,,,,
51197,P,The Millennium World Outreach,36.9527419,-81.0656769,"305 Cassell Road, Wytheville, VA 24382, USA",,,,,,,,,,
51770,P,Fairview UMC Food Pantry,37.2965292,-80.0004233,"1310 Van Buren Street NW, Roanoke, VA 24017, USA",,,,,,,,,,
51155,P,City of Refuge Pulaski Food Pantry,37.0455372,-80.7763852,"249 Dora Hwy, Pulaski, VA 24301, USA",,,,,,,,,,
51770,P,Perfecting Unity Church,37.2871781,-79.9837419,"812 29th St., Roanoke, Va 24017, USA",,,,,,,,,,
51121,P,Blacksburg Interfaith Food Pantry,37.2365711,-80.4063357,"706 Harding Ave, Blacksburg, VA 24060, USA",,,,,,,,,,
51690,P,Grace Network Martinsville - Henry Co. Food Pantry,36.6969064,-79.8729559,"16 Liberty Street Ext., Martinsville, VA 24112, USA",,,,,,,,,,
51155,P,"Beans and Rice, Inc. Food Pantry",37.042592,-80.7796901,"247 Washington Ave, Pulaski, VA 24301, USA",,,,,,,,,,
51089,P,Henry County Food Pantry,36.7619892,-79.9968052,"3289 Riverside Drive, Bassett, VA 24055, USA",,,,,,,,,,
51155,P,Heritage Cares,37.1489373,-80.690625,"6195 Cleburne Blvd, Dublin, VA 24084, USA",,,,,,,,,,
51067,P,God's Provision,37.0138516,-79.8921998,"1360 N. Main St., Rocky Mount, VA 24151, USA",,,,,,,,,,
51141,P,Patrick County Community Food,36.6363529,-80.2670435,"108 Commerce St, Stuart, VA 24171, USA",,,,,,,,,,
51121,P,Agape Center NRV Food Pantry,37.144801,-80.4057644,"1175 Cambria St., Christiansburg, VA 24073, USA",,,,,,,,,,
51089,P,Reach Out Apostolic Tabernacle Food Pantry,36.6732305,-79.7411267,"225 Brenda Drive, Axton, VA 24054, USA",,,,,,,,,,
51063,P,Copper Hill Church of the Brethren Food Pantry,37.0835359,-80.1287702,"8838 Floyd Hwy N, Copper Hill, VA 24079, USA",,,,,,,,,,
51197,P,Austinville PH Church,36.8605558,-80.9348354,"1730 Austinville Road, Max Meadows, VA 24360, USA",,,,,,,,,,
51770,P,Oakland Baptist Church Food Pantry,37.3033233,-79.946148,"3623 Roundhill Ave NW, Roanoke, VA 24012, USA",,,,,,,,,,
51023,P,Troutville Assembly of God Food Pantry,37.4334579,-79.8423011,"118 Conner Lane, Troutville, VA 24175, USA",,,,,,,,,,
51045,P,Craig Valley Baptist Church Food Pantry,37.500281,-80.1086153,"171 Salem Ave, New Castle, VA 24127, USA",,,,,,,,,,
51750,P,It's All About Jesus Ministries Food Pantry,37.1247901,-80.5885623,"1301 West Main St, Radford, VA 24141, USA",,,,,,,,,,
51063,P,Plenty Food Pantry,36.9398762,-80.3503998,"192 Elephant Curve Rd NW, Floyd, VA 24091, USA",,,,,,,,,,
51089,P,Life Church,36.7219708,-79.9454908,"200 Whitby Terrace, Fieldale, VA 24089, USA",,,,,,,,,,
51690,P,The Salvation Army - Martinsville Food Pantry,36.6829556,-79.8758398,"603 S Memorial Blvd, Martinsville, VA 24112, USA",,,,,,,,,,
51121,P,Montgomery County Emergency Action Program Food Pantry,37.1258968,-80.4128737,"400 West Main Street, Christiansburg, VA 24073, USA",,,,,,,,,,
51005,P,"Boy's Home, Inc. Food Pantry",37.8083152,-80.023876,"414 Boys Home Road, Covington, VA 24426, USA",,,,,,,,,,
51580,P,The Salvation Army - Covington,37.788488,-79.995626,"115 S. Lexington Ave., Covington, VA 24426, USA",,,,,,,,,,
51143,P,Shepherd's Corner,36.679766,-79.563,"11560 Mount Cross Rd, Danville, VA 24540, USA",,,,,,,,,,
51580,P,HOPE Inc.,37.7891998,-79.986276,"415 S Alleghany Ave, Covington, VA 24426, USA",,,,,,,,,,
51105,P,Mt Carmel Baptist Church,36.7584219,-83.0271115,"179 Ben Lawson Dr., Pennington Gap, VA 24277, USA",,,,,,,,,,
51045,P,New Castle Christian Food Pantry,37.4947497,-80.1069632,"713 Salem Ave, New Castle, VA 24127, USA",,,,,,,,,,
51590,P,Vance Street Missionary Baptist Church,36.6056057,-79.3806442,"206 Vance Street, Danville, VA 24540, USA",,,,,,,,,,
51580,P,COPE Food Pantry,37.8024187,-79.9909947,"900 North Alleghany, Covington, VA 24426, USA",,,,,,,,,,
51035,P,Carroll County Ministerial Association Food Pantry,36.7603774,-80.7294539,"225 Fulcher Street, Hillsville, VA 24343, USA",,,,,,,,,,
51005,P,Clifton Forge Area Food Pantry,37.8161257,-79.8197356,"909 Church St, Clifton Forge, VA 24422, USA",,,,,,,,,,
51191,P,Suburban Christian Church,36.6552936,-82.0776717,"20290 Wood Howell Road, Bristol, VA 24202, USA",,,,,,,,,,
51580,P,South Covington Care Pantry,37.7643822,-80.000453,"1911 S. Kadel Avenue, Covington, VA 24426, USA",,,,,,,,,,
51089,P,Patrick Henry Community College Foundation Food Pantry,36.7397709,-79.8748169,"645 Patriot Avenue, Martinsville, VA 24112, USA",,,,,,,,,,
51023,P,Springwood Baptist Church,37.5491696,-79.75554,"134 Copps Hill Rd, Buchanan, VA 24066, USA",,,,,,,,,,
51195,P,Meals With a Mission,36.876037,-82.768076,"8 East 11th Street North, Big Stone Gap, VA 24219, USA",,,,,,,,,,
51035,P,Mobile Food Pantry -Cana USDA,36.6045303,-80.6897811,"St. Paul School, Cana, VA 24317, USA",,,,,,,,,,
51155,P,New Life Church of the Nazerene Food Pantry,37.0444799,-80.782091,"45 S. Jefferson Avenue, Pulaski, VA 24301, USA",,,,,,,,,,
51197,P,Mobile Food Pantry -Fort Chiswell USDA,36.9213029,-80.9333019,"1136 Fort Chiswell Rd, Max Meadows, VA 24360, USA",,,,,,,,,,
51089,P,Disaster Relief Food Ministry,36.7526207,-79.9801589,"24A Governor Stanley Hwy, Bassett, VA 24055, USA",,,,,,,,,,
51169,P,HOPE Christian Ministries,36.7141485,-82.7947244,"321 Mechanic Street, Duffield, VA 24244, USA",,,,,,,,,,
51105,P,Mobile Food Pantry -Jonesville USDA,36.6707325,-83.1894091,"28970 Wilderness Rd, Jonesville, VA 24263, USA",,,,,,,,,,
51195,P,Mobile Food Pantry -Wise USDA,36.9708438,-82.5984459,"1613 Norton Rd, Wise, VA 24293, USA",,,,,,,,,,
51590,P,The Salvation Army - Danville Food Pantry,36.5926118,-79.3873377,"123 Henry Street, Danville, VA 24540, USA",,,,,,,,,,
51027,P,Rocklick Food Pantry,37.3028142,-82.1854622,"2525 Bull Creek Road, Grundy, VA 24614, USA",,,,,,,,,,
51023,P,Orchard Hills Achievement Center Food Pantry,37.344555,-79.877551,"6032 Cloverdale Road, Roanoke, VA 24019, USA",,,,,,,,,,
51141,P,Patrick Springs Pentecostal Holiness Church Food Pantry,36.636727,-80.19699,"260 Spring Road, Patrick Springs, VA 24133, USA",,,,,,,,,,
51019,P,May's Memorial United Methodist Church Food Pantry,37.2708784,-79.7948044,"1121 Odd Fellows Road, Vinton, VA 24179, USA",,,,,,,,,,
51067,P,Boones Mill Baptist Church Food Pantry,37.1162613,-79.9477966,"25 Depot Drive, Boones Mill, VA 24065, USA",,,,,,,,,,
51191,P,Pleasant View United Methodist Church,36.6824216,-82.0358607,"18416 Lee Highway, Abingdon, VA 24210, USA",,,,,,,,,,
51640,P,God's Storehouse Soup Kitchen - Galax Food Pantry,36.6632146,-80.925742,"206 N Main St, Galax, VA 24333, USA",,,,,,,,,,
51590,P,Right Touch Christian Church Food Pantry,36.593039,-79.3849442,"513 Worsham Street, Danville, VA 24540, USA",,,,,,,,,,
51197,P,Hope Inc Food Pantry,36.9460909,-81.0890471,"680 West Main Street, Wytheville, VA 24382, USA",,,,,,,,,,
51191,P,Damascus Senior Center,36.6353749,-81.78731,"209 Legion Street, Damascus, VA 24236, USA",,,,,,,,,,
51770,P,East Gate Church of the Nazarene,37.2929524,-79.9143885,"2002 East Gate Ave, Roanoke, VA 24012, USA",,,,,,,,,,
51690,P,"Life Stages, Inc Food Pantry",36.6865372,-79.8662805,"316 Brown Street, Martinsville, VA 24112, USA",,,,,,,,,,
51750,P,Radford University Food Pantry,37.1398766,-80.5510635,"801 E Main Street, Radford, VA 24141, USA",,,,,,,,,,
51077,P,Food Independence Food Pantry FP,36.6220147,-81.1495923,"103 Hilltop Drive, Independence, VA 24348, USA",,,,,,,,,,
51077,P,Mobile Food Pantry -Whitetop USDA,36.61297,-81.585142,"16309 Highlands Pkwy, Whitetop, VA 24292, USA",,,,,,,,,,
51590,P,Averett University Center for Comm Engagement FP,36.5793098,-79.4142591,"420 West Main Street, Danville, VA 24541, USA",,,,,,,,,,
51155,P,New River Valley Community College Food Pantry,37.1053143,-80.695875,"5251 College Drive, Dublin, VA 24084, USA",,,,,,,,,,
51035,P,Hillsville Presbyterian Church,36.7608246,-80.7343691,"172 South Main Street, Hillsville, VA 24343, USA",,,,,,,,,,
51023,P,Wheatland Lutheran Church,37.5273566,-79.6797614,"1560 Lutheran Road, Buchanan, VA 24066, USA",,,,,,,,,,
51770,P,Community Solutions Center Neighborhood Pantry,37.2859448,-79.9750901,"2328 Melrose Ave NW, Roanoke, VA 24017, USA",,,,,,,,,,
51690,P,Partners in Prevention for the Children,36.6971517,-79.8663024,"315 Hospital Dr. Ste. 108, Martinsville, VA 24112, USA",,,,,,,,,,
51770,P,Friendship House,37.2676588,-79.9543978,"635 Elm Ave SW, Roanoke, VA 24016, USA",,,,,,,,,,
51155,P,Pulaski County Free Store,37.1040467,-80.6851712,"260 W. Main St., Dublin, VA 24084, USA",,,,,,,,,,
51167,P,Fox Meadows,36.906,-82.0429484,"35 Fox Meadows Dr, Lebanon, VA 24266, USA",,,,,,,,,,
51167,P,Riverview Terrace,36.9439837,-82.1500248,"Riverview Terrace Dr, Cleveland, VA 24225, USA",,,,,,,,,,
51051,P,Centennial Heights,37.2078177,-82.3148768,"763 Centennial Heights, Haysi, VA 24266, USA",,,,,,,,,,
51520,P,Douglass Senior Center,36.6074727,-82.1747186,"145 Birch Street, Bristol, VA 24201, USA",,,,,,,,,,
51191,P,Harvest Home Food Pantry - Feeding Southwest Virginia,36.6949231,-81.9827126,"21452 Gravel Lake Rd, Abingdon, VA 24212, USA",,,,,,,,,,
51770,P,"Agape Center, Inc. - Vinton",37.2984687,-79.9019043,"1568 Granby St, Vinton, VA 24012, USA",,,,,,,,,,
51750,P,Mobile Marketplace - NRV,37.1398766,-80.5510635,"801 E Main Street, Radford, VA 24142, USA",,,,,,,,,,
51775,P,Mobile Marketplace - Covington,37.2934681,-80.0547626,"109 Mall Road, Salem, VA 24153, USA",,,,,,,,,,
51197,P,Mobile Marketplace - Hope Inc,36.9460909,-81.0890471,"680 W Main Street, Wytheville, VA 24382, USA",,,,,,,,,,
51775,P,Salem MFP Community Events,37.2788759,-80.0365512,"1025 Electric Road, Salem, VA 24153, USA",,,,,,,,,,
51143,P,Danville MFP Community Events,36.9553265,-79.3540361,"203 Northside Drive, Gretna, VA 24557, USA",,,,,,,,,,
51580,P,Covington MFP Community Event,37.7621453,-79.9930262,"870 West Edgemont Drive, Covington, VA 24426, USA",,,,,,,,,,
51185,P,Helping Hands Food Pantry,37.1458237,-81.545707,"116 Adria Road, North Tazewell, VA 24630, USA",,,,,,,,,,
51141,P,Disaster Relief Food Ministry - Patrick County,36.5808535,-80.2760142,"4545 Salem Highway, Stuart, VA 24171, USA",,,,,,,,,,
51197,P,Mobile Marketplace - Ft Chiswell,36.9203854,-80.9341653,"1151 Ft Chiswell Rd, Max Meadows, VA 24360, USA",,,,,,,,,,
51089,P,Mobile Marketplace - Henry County Food Pantry,36.7570015,-79.9884198,"3321 Fairystone Park Hwy, Bassett, VA 24055, USA",,,,,,,,,,
51640,P,Mobile Marketplace - God's Storehouse,36.6600753,-80.9284205,"406 W Oldtown St, Galax, VA 24333, USA",,,,,,,,,,
51089,P,Mobile Marketplace - Disaster Relief Food Ministry,36.7523025,-79.9800934,"24 Governor Stanley Hwy, Bassett, VA 24055, USA",,,,,,,,,,
51121,P,Mobile Marketplace - Warm Hearth Village,37.1972809,-80.4194815,"2387 Warm Hearth Dr, Blacksburg, VA 24060, USA",,,,,,,,,,
51045,P,Mobile Marketplace - New Castle Christian Church,37.498495,-80.1089643,"282 Salem Ave, New Castle, VA 24127, USA",,,,,,,,,,
51580,P,Mobile Marketplace - Good News Church,37.78748,-79.9952239,"214 S Lexington Ave, Covington, VA 24426, USA",,,,,,,,,,
51770,P,Mobile Marketplace - The Hill Church,37.2901344,-79.9766823,"1026 Lafayette Blvd NW, Roanoke, VA 24017, USA",,,,,,,,,,
51071,P,Mobile Marketplace - First United Methodist Church,37.3310996,-80.7266116,"401 Hale St, Pearisburg, VA 24134, USA",,,,,,,,,,
51141,P,Mobile Marketplace - Patrick Co Disaster Relief Food Ministry,36.6379065,-80.2531718,"264 Woodland Dr, Stuart, VA 24171, USA",,,,,,,,,,
51019,P,Mobile Marketplace - Lake Christian Ministries,37.1828767,-79.6183638,"13157 Old Moneta Rd, Moneta, VA 24121, USA",,,,,,,,,,
51023,P,Mobile Marketplace - Eagle Rock Community Center,37.6394771,-79.7987233,"14604 Church St, Eagle Rock, VA 24085, USA",,,,,,,,,,
51770,P,Mobile Marketplace - Morningside Manor,37.2695008,-79.9201944,"1020 13th St SE, Roanoke, VA 24013, USA",,,,,,,,,,
51197,P,Mobile Marketplace - Wytheville,36.9527745,-81.0799589,"508 N Main St, Wytheville, VA 24382, USA",,,,,,,,,,
51077,P,Mobile Marketplace - Providence,36.7104023,-81.0388952,"56 Bainbridge Rd, Fries, VA 24330, USA",,,,,,,,,,
51035,P,Mobile Marketplace - Cana,36.6048331,-80.6900337,"231 Flower Gap Rd, Cana, VA 24317, USA",,,,,,,,,,
51021,P,Mobile Marketplace - Bastian,37.1507446,-81.1521647,"4265 Railroad Trail, Bastian, VA 24314, USA",,,,,,,,,,
51051,P,Mobile Marketplace - Clinchco,37.1670359,-82.3561099,"198 Cardinal St, Clinchco, VA 24226, USA",,,,,,,,,,
51167,P,Mobile Marketplace - Council,37.016222,-81.9742921,"RR 1 Box 11A, Honaker, VA 24260, USA",,,,,,,,,,
51027,P,Mobile Marketplace - Grundy,37.2778886,-82.0990223,"RR 460, Grundy, VA 24614, USA",,,,,,,,,,
51167,P,Mobile Marketplace - Lebanon,36.9039678,-82.0702498,"139 Highlands Dr, Lebanon, VA 24266, USA",,,,,,,,,,
51027,P,Mobile Marketplace - Hurley,37.4131672,-82.0103775,"1006 DA Justus Rd, Hurley, VA 24620, USA",,,,,,,,,,
51195,P,Mobile Marketplace - Big Stone Gap,36.8762382,-82.7680434,"14 E 11th St N, Big Stone Gap, VA 24219, USA",,,,,,,,,,
51191,P,Community Center of Abingdon,36.7179996,-81.9649879,"300 Senior Drive, Abingdon, VA 24210, USA",,,,,,,,,,
51185,P,Cumberland Mountain Community Services,37.008847,-81.792801,"113 Cumberland Rd, Cedar Bluff, VA 24609, USA",,,,,,,,,,
51191,P,Victory Children's Center,36.6274641,-82.15938,"11123 ISLAND ROAD, Bristol, VA 24202, USA",,,,,,,,,,
51191,P,Harvest Home Community Kitchen - Feeding Southwest Virginia,36.6949231,-81.9827126,"21452 Gravel Lake Rd, Abingdon, VA 24212, USA",,,,,,,,,,
51027,P,"Mountain Mission School, Inc.",37.2813775,-82.0887143,"1760 Edgewater Drive, Grundy, VA 24614, USA",,,,,,,,,,
51169,P,Mobile Food Pantry - Holston View United Methodist Church,36.6170722,-82.5662048,"174 Church Street, Weber City, VA 24290, USA",,,,,,,,,,
51169,P,Mobile Food Pantry - Fort Blackmore,36.7730226,-82.5865781,"14380 Clinch River Hwy, Fort Blackmore, VA 24250, USA",,,,,,,,,,
51169,P,Mobile Food Pantry - Dungannon United Methodist Church,36.8276242,-82.4675862,"19005 Veterans Memorial Hwy, Dungannon, VA 24245, USA",,,,,,,,,,
51169,P,Mobile Food Pantry - B&K Farm,36.760407,-82.408077,"12627 Nickelsville Hwy, Nickelsville, VA 24271, USA",,,,,,,,,,
51169,P,Mobile Food Pantry - Gate City UUnited Methodist Church,36.6387408,-82.5812345,"255 Walnut Street, Gate City, VA 24251, USA",,,,,,,,,,
51169,P,Mobile Food Pantry - Pioneer Center,36.712368,-82.799807,"225 Boones Trail, Duffield, VA 24244, USA",,,,,,,,,,
51155,P,Pulaski Daily Bread,37.0412636,-80.7828356,"408 N. Jefferson Ave, Pulaski, VA 24301, USA",,,,,,,,,,
51067,P,Stepping Stone Mission,37.0107553,-79.8938619,"1105 North Main Street, Rocky Mount, VA 24151, USA",,,,,,,,,,
51750,P,Radford Fairlawn Daily Bread,37.1318081,-80.577152,"501 2nd St, Radford, VA 24141, USA",,,,,,,,,,
51770,P,United Christian Inner City Ministry,37.2693604,-79.9291354,"828 Jamison Ave., Roanoke, VA 24013, USA",,,,,,,,,,
51770,P,The Salvation Army Shelters - Roanoke,37.2733635,-79.9559891,"815 Salem Ave, Roanoke, VA 24016, USA",,,,,,,,,,
51590,P,Right Touch Christian Church,36.593039,-79.3849442,"513 Worsham Street, Danville, VA 24540, USA",,,,,,,,,,
51770,P,Pilgrim Baptist Church Family Life Center,37.2864507,-79.948973,"1415 8th Street NW, Roanoke, VA 24016, USA",,,,,,,,,,
51770,P,First Church of the Nazarene,37.2658785,-79.9297854,"Shepherd's Care Day School, Roanoke, VA 24013, USA",,,,,,,,,,
51770,P,Pilgrim Baptist Church Family Life Center Food Pantry,37.2864507,-79.948973,"1415 8th Street NW, Roanoke, VA 24016, USA",,,,,,,,,,